Year/Année,Amount/Montant  $ ($Millions),Revenue category,Catégorie de revenus,Revenue type,Type de revenus,Revenue type details,Détails du type de revenu
2014-15,7308,Revenue by Source,Revenus par source,"Fees, Donations and Other Revenues from Hospitals, School Boards and Colleges","Droits, dons et autres revenus provenant des hôpitaux, des conseils scolaires et des collèges","Fees, Donations and Other Revenues from Hospitals, School Boards and Colleges","Droits, dons et autres revenus provenant des hôpitaux, des conseils scolaires et des collèges"
2014-15,5615,Revenue by Source,Revenus par source,Income from Investment in Government Business Enterprises,Revenus de participations dans des entreprises publiques,Income From Investment in Government Business Enterprises,Revenus de participations dans des entreprises publiques
2014-15,956,Revenue by Source,Revenus par source,Other,Autres,Electricity Debt Retirement Charge,Redevance de liquidation de la dette (électricité)
2014-15,240,Revenue by Source,Revenus par source,Other,Autres,Independent Electricity System Operation Revenue,indépendante d’exploitation du réseau d’électricité
2014-15,106,Revenue by Source,Revenus par source,Other,Autres,Local Services Realignment,Remaniement des services locaux
2014-15,1825,Revenue by Source,Revenus par source,Other,Autres,Miscellaneous,Divers
2014-15,217,Revenue by Source,Revenus par source,Other,Autres,Net Reduction of Power Purchase Contracts,Réduction nette des contrats d’achat d’électricité
2014-15,693,Revenue by Source,Revenus par source,Other,Autres,Other Fees and Licenses,Autres droits et licences
2014-15,950,Revenue by Source,Revenus par source,Other,Autres,Power Supply Contract Recoveries,Récupération du contrat d’alimentation électrique
2014-15,275,Revenue by Source,Revenus par source,Other,Autres,Royalties,Redevances
2014-15,2336,Revenue by Source,Revenus par source,Other,Autres,Sales and Rentals,Ventes et locations
2014-15,1433,Revenue by Source,Revenus par source,Other,Autres,Vehicle and Driver Registration Fees,Droits - Permis de conduire et immatriculation des véhicules
2014-15,560,Revenue by Source,Revenus par source,Taxation,Revenus fiscaux,Beer and Wine Tax,Taxe sur la bière et le vin
2014-15,9557,Revenue by Source,Revenus par source,Taxation,Revenus fiscaux,Corporations Tax,Impôts des sociétés
2014-15,5561,Revenue by Source,Revenus par source,Taxation,Revenus fiscaux,Education Property Tax,Impôts fonciers prélevés aux fins scolaires
2014-15,180,Revenue by Source,Revenus par source,Taxation,Revenus fiscaux,Electricity Payments-In-Lieu of Taxes,Paiements tenant lieu d’impôt (électricité)
2014-15,5415,Revenue by Source,Revenus par source,Taxation,Revenus fiscaux,Employer Health Tax,Impôt-santé des employeurs
2014-15,739,Revenue by Source,Revenus par source,Taxation,Revenus fiscaux,Fuel Tax,Taxe sur les carburants
2014-15,2447,Revenue by Source,Revenus par source,Taxation,Revenus fiscaux,Gasoline Tax,Taxe sur l’essence
2014-15,1765,Revenue by Source,Revenus par source,Taxation,Revenus fiscaux,Land Transfer Tax,Droits de cession immobilière Taxe sur
2014-15,3366,Revenue by Source,Revenus par source,Taxation,Revenus fiscaux,Ontario Health Premium,Contribution-santé de l’Ontario
2014-15,520,Revenue by Source,Revenus par source,Taxation,Revenus fiscaux,Other Taxes,Autres impôts et taxes
2014-15,29313,Revenue by Source,Revenus par source,Taxation,Revenus fiscaux,Personal Income Tax,Impôt sur le revenu des particuliers
2014-15,21689,Revenue by Source,Revenus par source,Taxation,Revenus fiscaux,Sales Tax,Taxe de vente
2014-15,1163,Revenue by Source,Revenus par source,Taxation,Revenus fiscaux,Tobacco Tax,Taxe sur le tabac
2014-15,86,Revenue by Source,Revenus par source,Transfers from Government of Canada,Transferts du gouvernement du Canada,Bilingalism Development,Expansion du bilinguisme
2014-15,12408,Revenue by Source,Revenus par source,Transfers from Government of Canada,Transferts du gouvernement du Canada,Canada Health Transfer,Transfert canadien en matière de santé
2014-15,4847,Revenue by Source,Revenus par source,Transfers from Government of Canada,Transferts du gouvernement du Canada,Canada Social Transfer,Transfert canadien en matière de programmes sociaux
2014-15,308,Revenue by Source,Revenus par source,Transfers from Government of Canada,Transferts du gouvernement du Canada,"Direct Transfers to Hospitals, School Boards and Colleges","Transferts directs aux hôpitaux, aux conseils scolaires et aux collèges"
2014-15,1988,Revenue by Source,Revenus par source,Transfers from Government of Canada,Transferts du gouvernement du Canada,Equalization Payments,Paiements de péréquation
2014-15,246,Revenue by Source,Revenus par source,Transfers from Government of Canada,Transferts du gouvernement du Canada,Indian Welfare Services Agreement,Services de bien-être aux Autochtones
2014-15,137,Revenue by Source,Revenus par source,Transfers from Government of Canada,Transferts du gouvernement du Canada,Infrastructure Programs,Programmes d’infrastructure
2014-15,179,Revenue by Source,Revenus par source,Transfers from Government of Canada,Transferts du gouvernement du Canada,Job Fund Agreement,Fonds pour l’emploi
2014-15,76,Revenue by Source,Revenus par source,Transfers from Government of Canada,Transferts du gouvernement du Canada,Labour Market Agreement for Persons with Disabilities,Entente sur le marché du travail visant les personnes handicapées
2014-15,628,Revenue by Source,Revenus par source,Transfers from Government of Canada,Transferts du gouvernement du Canada,Labour Market Development Agreement,Entente sur le développement du marché du travail
2014-15,53,Revenue by Source,Revenus par source,Transfers from Government of Canada,Transferts du gouvernement du Canada,Legal Aid Criminal,"Aide juridique, droit criminel"
2014-15,450,Revenue by Source,Revenus par source,Transfers from Government of Canada,Transferts du gouvernement du Canada,Other,Autres
2014-15,465,Revenue by Source,Revenus par source,Transfers from Government of Canada,Transferts du gouvernement du Canada,Social Housing Agreement,Logement social
2014-15,52,Revenue by Source,Revenus par source,Transfers from Government of Canada,Transferts du gouvernement du Canada,Youth Criminal Justice,Système de justice pénale pour les adolescents
2015-16,7493,Revenue by Source,Revenus par source,"Fees, Donations and Other Revenues from Hospitals, School Boards and Colleges","Droits, dons et autres revenus provenant des hôpitaux, des conseils scolaires et des collèges","Fees, Donations and Other Revenues from Hospitals, School Boards and Colleges","Droits, dons et autres revenus provenant des hôpitaux, des conseils scolaires et des collèges"
2015-16,4909,Revenue by Source,Revenus par source,Income from Investment in Government Business Enterprises,Revenus de participations dans des entreprises publiques,Income From Investment in Government Business Enterprises,Revenus de participations dans des entreprises publiques
2015-16,859,Revenue by Source,Revenus par source,Other,Autres,Electricity Debt Retirement Charge,Redevance de liquidation de la dette (électricité)
2015-16,221,Revenue by Source,Revenus par source,Other,Autres,Independent Electricity System Operation Revenue,indépendante d’exploitation du réseau d’électricité
2015-16,125,Revenue by Source,Revenus par source,Other,Autres,Local Services Realignment,Remaniement des services locaux
2015-16,1851,Revenue by Source,Revenus par source,Other,Autres,Miscellaneous,Divers
2015-16,172,Revenue by Source,Revenus par source,Other,Autres,Net Reduction of Power Purchase Contracts,Réduction nette des contrats d’achat d’électricité
2015-16,743,Revenue by Source,Revenus par source,Other,Autres,Other Fees and Licenses,Autres droits et licences
2015-16,875,Revenue by Source,Revenus par source,Other,Autres,Power Supply Contract Recoveries,Récupération du contrat d’alimentation électrique
2015-16,274,Revenue by Source,Revenus par source,Other,Autres,Royalties,Redevances
2015-16,2102,Revenue by Source,Revenus par source,Other,Autres,Sales and Rentals,Ventes et locations
2015-16,1565,Revenue by Source,Revenus par source,Other,Autres,Vehicle and Driver Registration Fees,Droits - Permis de conduire et immatriculation des véhicules
2015-16,582,Revenue by Source,Revenus par source,Taxation,Revenus fiscaux,Beer and Wine Tax,Taxe sur la bière et le vin
2015-16,11428,Revenue by Source,Revenus par source,Taxation,Revenus fiscaux,Corporations Tax,Impôts des sociétés
2015-16,5839,Revenue by Source,Revenus par source,Taxation,Revenus fiscaux,Education Property Tax,Impôts fonciers prélevés aux fins scolaires
2015-16,3247,Revenue by Source,Revenus par source,Taxation,Revenus fiscaux,Electricity Payments-In-Lieu of Taxes,Paiements tenant lieu d’impôt (électricité)
2015-16,5649,Revenue by Source,Revenus par source,Taxation,Revenus fiscaux,Employer Health Tax,Impôt-santé des employeurs
2015-16,751,Revenue by Source,Revenus par source,Taxation,Revenus fiscaux,Fuel Tax,Taxe sur les carburants
2015-16,2459,Revenue by Source,Revenus par source,Taxation,Revenus fiscaux,Gasoline Tax,Taxe sur l’essence
2015-16,2118,Revenue by Source,Revenus par source,Taxation,Revenus fiscaux,Land Transfer Tax,Droits de cession immobilière Taxe sur
2015-16,3453,Revenue by Source,Revenus par source,Taxation,Revenus fiscaux,Ontario Health Premium,Contribution-santé de l’Ontario
2015-16,470,Revenue by Source,Revenus par source,Taxation,Revenus fiscaux,Other Taxes,Autres impôts et taxes
2015-16,31141,Revenue by Source,Revenus par source,Taxation,Revenus fiscaux,Personal Income Tax,Impôt sur le revenu des particuliers
2015-16,23455,Revenue by Source,Revenus par source,Taxation,Revenus fiscaux,Sales Tax,Taxe de vente
2015-16,1226,Revenue by Source,Revenus par source,Taxation,Revenus fiscaux,Tobacco Tax,Taxe sur le tabac
2015-16,85,Revenue by Source,Revenus par source,Transfers from Government of Canada,Transferts du gouvernement du Canada,Bilingalism Development,Expansion du bilinguisme
2015-16,13089,Revenue by Source,Revenus par source,Transfers from Government of Canada,Transferts du gouvernement du Canada,Canada Health Transfer,Transfert canadien en matière de santé
2015-16,4984,Revenue by Source,Revenus par source,Transfers from Government of Canada,Transferts du gouvernement du Canada,Canada Social Transfer,Transfert canadien en matière de programmes sociaux
2015-16,284,Revenue by Source,Revenus par source,Transfers from Government of Canada,Transferts du gouvernement du Canada,"Direct Transfers to Hospitals, School Boards and Colleges","Transferts directs aux hôpitaux, aux conseils scolaires et aux collèges"
2015-16,2363,Revenue by Source,Revenus par source,Transfers from Government of Canada,Transferts du gouvernement du Canada,Equalization Payments,Paiements de péréquation
2015-16,259,Revenue by Source,Revenus par source,Transfers from Government of Canada,Transferts du gouvernement du Canada,Indian Welfare Services Agreement,Services de bien-être aux Autochtones
2015-16,146,Revenue by Source,Revenus par source,Transfers from Government of Canada,Transferts du gouvernement du Canada,Infrastructure Programs,Programmes d’infrastructure
2015-16,205,Revenue by Source,Revenus par source,Transfers from Government of Canada,Transferts du gouvernement du Canada,Job Fund Agreement,Fonds pour l’emploi
2015-16,76,Revenue by Source,Revenus par source,Transfers from Government of Canada,Transferts du gouvernement du Canada,Labour Market Agreement for Persons with Disabilities,Entente sur le marché du travail visant les personnes handicapées
2015-16,632,Revenue by Source,Revenus par source,Transfers from Government of Canada,Transferts du gouvernement du Canada,Labour Market Development Agreement,Entente sur le développement du marché du travail
2015-16,51,Revenue by Source,Revenus par source,Transfers from Government of Canada,Transferts du gouvernement du Canada,Legal Aid Criminal,"Aide juridique, droit criminel"
2015-16,460,Revenue by Source,Revenus par source,Transfers from Government of Canada,Transferts du gouvernement du Canada,Other,Autres
2015-16,455,Revenue by Source,Revenus par source,Transfers from Government of Canada,Transferts du gouvernement du Canada,Social Housing Agreement,Logement social
2015-16,52,Revenue by Source,Revenus par source,Transfers from Government of Canada,Transferts du gouvernement du Canada,Youth Criminal Justice,Système de justice pénale pour les adolescents
2016-17,7957,Revenue by Source,Revenus par source,"Fees, Donations and Other Revenues from Hospitals, School Boards and Colleges","Droits, dons et autres revenus provenant des hôpitaux, des conseils scolaires et des collèges","Fees, Donations and Other Revenues from Hospitals, School Boards and Colleges","Droits, dons et autres revenus provenant des hôpitaux, des conseils scolaires et des collèges"
2016-17,5549,Revenue by Source,Revenus par source,Income from Investment in Government Business Enterprises,Revenus de participations dans des entreprises publiques,Income From Investment in Government Business Enterprises,Revenus de participations dans des entreprises publiques
2016-17,621,Revenue by Source,Revenus par source,Other,Autres,Electricity Debt Retirement Charge,Redevance de liquidation de la dette (électricité)
2016-17,211,Revenue by Source,Revenus par source,Other,Autres,Independent Electricity System Operation Revenue,indépendante d’exploitation du réseau d’électricité
2016-17,135,Revenue by Source,Revenus par source,Other,Autres,Local Services Realignment,Remaniement des services locaux
2016-17,1625,Revenue by Source,Revenus par source,Other,Autres,Miscellaneous,Divers
2016-17,129,Revenue by Source,Revenus par source,Other,Autres,Net Reduction of Power Purchase Contracts,Réduction nette des contrats d’achat d’électricité
2016-17,763,Revenue by Source,Revenus par source,Other,Autres,Other Fees and Licenses,Autres droits et licences
2016-17,838,Revenue by Source,Revenus par source,Other,Autres,Power Supply Contract Recoveries,Récupération du contrat d’alimentation électrique
2016-17,272,Revenue by Source,Revenus par source,Other,Autres,Royalties,Redevances
2016-17,1980,Revenue by Source,Revenus par source,Other,Autres,Sales and Rentals,Ventes et locations
2016-17,1727,Revenue by Source,Revenus par source,Other,Autres,Vehicle and Driver Registration Fees,Droits - Permis de conduire et immatriculation des véhicules
2016-17,590,Revenue by Source,Revenus par source,Taxation,Revenus fiscaux,Beer and Wine Tax,Taxe sur la bière et le vin
2016-17,13733,Revenue by Source,Revenus par source,Taxation,Revenus fiscaux,Corporations Tax,Impôts des sociétés
2016-17,5868,Revenue by Source,Revenus par source,Taxation,Revenus fiscaux,Education Property Tax,Impôts fonciers prélevés aux fins scolaires
2016-17,334,Revenue by Source,Revenus par source,Taxation,Revenus fiscaux,Electricity Payments-In-Lieu of Taxes,Paiements tenant lieu d’impôt (électricité)
2016-17,5908,Revenue by Source,Revenus par source,Taxation,Revenus fiscaux,Employer Health Tax,Impôt-santé des employeurs
2016-17,742,Revenue by Source,Revenus par source,Taxation,Revenus fiscaux,Fuel Tax,Taxe sur les carburants
2016-17,2626,Revenue by Source,Revenus par source,Taxation,Revenus fiscaux,Gasoline Tax,Taxe sur l’essence
2016-17,2728,Revenue by Source,Revenus par source,Taxation,Revenus fiscaux,Land Transfer Tax,Droits de cession immobilière Taxe sur
2016-17,3575,Revenue by Source,Revenus par source,Taxation,Revenus fiscaux,Ontario Health Premium,Contribution-santé de l’Ontario
2016-17,453,Revenue by Source,Revenus par source,Taxation,Revenus fiscaux,Other Taxes,Autres impôts et taxes
2016-17,30671,Revenue by Source,Revenus par source,Taxation,Revenus fiscaux,Personal Income Tax,Impôt sur le revenu des particuliers
2016-17,24750,Revenue by Source,Revenus par source,Taxation,Revenus fiscaux,Sales Tax,Taxe de vente
2016-17,1231,Revenue by Source,Revenus par source,Taxation,Revenus fiscaux,Tobacco Tax,Taxe sur le tabac
2016-17,88,Revenue by Source,Revenus par source,Transfers from Government of Canada,Transferts du gouvernement du Canada,Bilingalism Development,Expansion du bilinguisme
2016-17,13910,Revenue by Source,Revenus par source,Transfers from Government of Canada,Transferts du gouvernement du Canada,Canada Health Transfer,Transfert canadien en matière de santé
2016-17,5146,Revenue by Source,Revenus par source,Transfers from Government of Canada,Transferts du gouvernement du Canada,Canada Social Transfer,Transfert canadien en matière de programmes sociaux
2016-17,285,Revenue by Source,Revenus par source,Transfers from Government of Canada,Transferts du gouvernement du Canada,"Direct Transfers to Hospitals, School Boards and Colleges","Transferts directs aux hôpitaux, aux conseils scolaires et aux collèges"
2016-17,2304,Revenue by Source,Revenus par source,Transfers from Government of Canada,Transferts du gouvernement du Canada,Equalization Payments,Paiements de péréquation
2016-17,277,Revenue by Source,Revenus par source,Transfers from Government of Canada,Transferts du gouvernement du Canada,Indian Welfare Services Agreement,Services de bien-être aux Autochtones
2016-17,732,Revenue by Source,Revenus par source,Transfers from Government of Canada,Transferts du gouvernement du Canada,Infrastructure Programs,Programmes d’infrastructure
2016-17,211,Revenue by Source,Revenus par source,Transfers from Government of Canada,Transferts du gouvernement du Canada,Job Fund Agreement,Fonds pour l’emploi
2016-17,76,Revenue by Source,Revenus par source,Transfers from Government of Canada,Transferts du gouvernement du Canada,Labour Market Agreement for Persons with Disabilities,Entente sur le marché du travail visant les personnes handicapées
2016-17,678,Revenue by Source,Revenus par source,Transfers from Government of Canada,Transferts du gouvernement du Canada,Labour Market Development Agreement,Entente sur le développement du marché du travail
2016-17,59,Revenue by Source,Revenus par source,Transfers from Government of Canada,Transferts du gouvernement du Canada,Legal Aid Criminal,"Aide juridique, droit criminel"
2016-17,284,Revenue by Source,Revenus par source,Transfers from Government of Canada,Transferts du gouvernement du Canada,Other,Autres
2016-17,441,Revenue by Source,Revenus par source,Transfers from Government of Canada,Transferts du gouvernement du Canada,Social Housing Agreement,Logement social
2016-17,52,Revenue by Source,Revenus par source,Transfers from Government of Canada,Transferts du gouvernement du Canada,Youth Criminal Justice,Système de justice pénale pour les adolescents
2017-18,8309,Revenue by Source,Revenus par source,"Fees, Donations and Other Revenues from Hospitals, School Boards and Colleges","Droits, dons et autres revenus provenant des hôpitaux, des conseils scolaires et des collèges","Fees, Donations and Other Revenues from Hospitals, School Boards and Colleges","Droits, dons et autres revenus provenant des hôpitaux, des conseils scolaires et des collèges"
2017-18,6152,Revenue by Source,Revenus par source,Income from Investment in Government Business Enterprises,Revenus de participations dans des entreprises publiques,Income From Investment in Government Business Enterprises,Revenus de participations dans des entreprises publiques
2017-18,593,Revenue by Source,Revenus par source,Other,Autres,Electricity Debt Retirement Charge,Redevance de liquidation de la dette (électricité)
2017-18,210,Revenue by Source,Revenus par source,Other,Autres,Independent Electricity System Operation Revenue,indépendante d’exploitation du réseau d’électricité
2017-18,138,Revenue by Source,Revenus par source,Other,Autres,Local Services Realignment,Remaniement des services locaux
2017-18,2502,Revenue by Source,Revenus par source,Other,Autres,Miscellaneous,Divers
2017-18,74,Revenue by Source,Revenus par source,Other,Autres,Net Reduction of Power Purchase Contracts,Réduction nette des contrats d’achat d’électricité
2017-18,819,Revenue by Source,Revenus par source,Other,Autres,Other Fees and Licenses,Autres droits et licences
2017-18,185,Revenue by Source,Revenus par source,Other,Autres,Power Supply Contract Recoveries,Récupération du contrat d’alimentation électrique
2017-18,290,Revenue by Source,Revenus par source,Other,Autres,Royalties,Redevances
2017-18,2426,Revenue by Source,Revenus par source,Other,Autres,Sales and Rentals,Ventes et locations
2017-18,1912,Revenue by Source,Revenus par source,Other,Autres,Vehicle and Driver Registration Fees,Droits - Permis de conduire et immatriculation des véhicules
2017-18,2401,Revenue by Source,Revenus par source,Other,Autres,Carbon Allowance Proceeds,Produits d’allocation de carbone
2017-18,601,Revenue by Source,Revenus par source,Taxation,Revenus fiscaux,Beer and Wine Tax,Taxe sur la bière et le vin
2017-18,15612,Revenue by Source,Revenus par source,Taxation,Revenus fiscaux,Corporations Tax,Impôts des sociétés
2017-18,5883,Revenue by Source,Revenus par source,Taxation,Revenus fiscaux,Education Property Tax,Impôts fonciers prélevés aux fins scolaires
2017-18,494,Revenue by Source,Revenus par source,Taxation,Revenus fiscaux,Electricity Payments-In-Lieu of Taxes,Paiements tenant lieu d’impôt (électricité)
2017-18,6205,Revenue by Source,Revenus par source,Taxation,Revenus fiscaux,Employer Health Tax,Impôt-santé des employeurs
2017-18,760,Revenue by Source,Revenus par source,Taxation,Revenus fiscaux,Fuel Tax,Taxe sur les carburants
2017-18,2701,Revenue by Source,Revenus par source,Taxation,Revenus fiscaux,Gasoline Tax,Taxe sur l’essence
2017-18,3174,Revenue by Source,Revenus par source,Taxation,Revenus fiscaux,Land Transfer and Non-Residential Speculation Tax,Droits de cession immobilière Taxe sur
2017-18,3672,Revenue by Source,Revenus par source,Taxation,Revenus fiscaux,Ontario Health Premium,Contribution-santé de l’Ontario
2017-18,552,Revenue by Source,Revenus par source,Taxation,Revenus fiscaux,Other Taxes,Autres impôts et taxes
2017-18,32900,Revenue by Source,Revenus par source,Taxation,Revenus fiscaux,Personal Income Tax,Impôt sur le revenu des particuliers
2017-18,25925,Revenue by Source,Revenus par source,Taxation,Revenus fiscaux,Sales Tax,Taxe de vente
2017-18,1244,Revenue by Source,Revenus par source,Taxation,Revenus fiscaux,Tobacco Tax,Taxe sur le tabac
2017-18,85,Revenue by Source,Revenus par source,Transfers from Government of Canada,Transferts du gouvernement du Canada,Bilingalism Development,Expansion du bilinguisme
2017-18,14359,Revenue by Source,Revenus par source,Transfers from Government of Canada,Transferts du gouvernement du Canada,Canada Health Transfer,Transfert canadien en matière de santé
2017-18,5314,Revenue by Source,Revenus par source,Transfers from Government of Canada,Transferts du gouvernement du Canada,Canada Social Transfer,Transfert canadien en matière de programmes sociaux
2017-18,314,Revenue by Source,Revenus par source,Transfers from Government of Canada,Transferts du gouvernement du Canada,"Direct Transfers to Hospitals, School Boards and Colleges","Transferts directs aux hôpitaux, aux conseils scolaires et aux collèges"
2017-18,1424,Revenue by Source,Revenus par source,Transfers from Government of Canada,Transferts du gouvernement du Canada,Equalization Payments,Paiements de péréquation
2017-18,274,Revenue by Source,Revenus par source,Transfers from Government of Canada,Transferts du gouvernement du Canada,Indian Welfare Services Agreement,Services de bien-être aux Autochtones
2017-18,1065,Revenue by Source,Revenus par source,Transfers from Government of Canada,Transferts du gouvernement du Canada,Infrastructure Programs,Programmes d’infrastructure
2017-18,63,Revenue by Source,Revenus par source,Transfers from Government of Canada,Transferts du gouvernement du Canada,Labour Market Agreement for Persons with Disabilities,Entente sur le marché du travail visant les personnes handicapées
2017-18,672,Revenue by Source,Revenus par source,Transfers from Government of Canada,Transferts du gouvernement du Canada,Labour Market Development Agreement,Entente sur le développement du marché du travail
2017-18,64,Revenue by Source,Revenus par source,Transfers from Government of Canada,Transferts du gouvernement du Canada,Legal Aid Criminal,"Aide juridique, droit criminel"
2017-18,283,Revenue by Source,Revenus par source,Transfers from Government of Canada,Transferts du gouvernement du Canada,Other,Autres
2017-18,419,Revenue by Source,Revenus par source,Transfers from Government of Canada,Transferts du gouvernement du Canada,Social Housing Agreement,Logement social
2017-18,234,Revenue by Source,Revenus par source,Transfers from Government of Canada,Transferts du gouvernement du Canada,Workforce Development Agreement,Accord de développement de la main-d’oeuvre
2017-18,52,Revenue by Source,Revenus par source,Transfers from Government of Canada,Transferts du gouvernement du Canada,Youth Criminal Justice,Système de justice pénale pour les adolescents
2017-18,122,Revenue by Source,Revenus par source,Transfers from Government of Canada,Transferts du gouvernement du Canada,Early Learning and Childcare,Apprentissage et garde des jeunes enfants
2017-18,116,Revenue by Source,Revenus par source,Transfers from Government of Canada,Transferts du gouvernement du Canada,Home Care and Mental Health,Soins à domicile et santé mentale
2018-19,9237,Revenue by Source,Revenus par source,"Fees, Donations and Other Revenues from Hospitals, School Boards and Colleges","Droits, dons et autres revenus provenant des hôpitaux, des conseils scolaires et des collèges","Fees, Donations and Other Revenues from Hospitals, School Boards and Colleges","Droits, dons et autres revenus provenant des hôpitaux, des conseils scolaires et des collèges"
2018-19,5470,Revenue by Source,Revenus par source,Income from Investment in Government Business Enterprises,Revenus de participations dans des entreprises publiques,Income From Investment in Government Business Enterprises,Revenus de participations dans des entreprises publiques
2018-19,15,Revenue by Source,Revenus par source,Other,Autres,Electricity Debt Retirement Charge,Redevance de liquidation de la dette (électricité)
2018-19,227,Revenue by Source,Revenus par source,Other,Autres,Independent Electricity System Operation Revenue,indépendante d’exploitation du réseau d’électricité
2018-19,138,Revenue by Source,Revenus par source,Other,Autres,Local Services Realignment,Remaniement des services locaux
2018-19,2733,Revenue by Source,Revenus par source,Other,Autres,Miscellaneous,Divers
2018-19,41,Revenue by Source,Revenus par source,Other,Autres,Net Reduction of Power Purchase Contracts,Réduction nette des contrats d’achat d’électricité
2018-19,861,Revenue by Source,Revenus par source,Other,Autres,Other Fees and Licenses,Autres droits et licences
2018-19,173,Revenue by Source,Revenus par source,Other,Autres,Power Supply Contract Recoveries,Récupération du contrat d’alimentation électrique
2018-19,251,Revenue by Source,Revenus par source,Other,Autres,Royalties,Redevances
2018-19,1477,Revenue by Source,Revenus par source,Other,Autres,Sales and Rentals,Ventes et locations
2018-19,1991,Revenue by Source,Revenus par source,Other,Autres,Vehicle and Driver Registration Fees,Droits - Permis de conduire et immatriculation des véhicules
2018-19,472,Revenue by Source,Revenus par source,Other,Autres,Carbon Allowance Proceeds,Produits d’allocation de carbone
2018-19,603,Revenue by Source,Revenus par source,Taxation,Revenus fiscaux,Beer and Wine Tax,Taxe sur la bière et le vin
2018-19,16606,Revenue by Source,Revenus par source,Taxation,Revenus fiscaux,Corporations Tax,Impôts des sociétés
2018-19,6171,Revenue by Source,Revenus par source,Taxation,Revenus fiscaux,Education Property Tax,Impôts fonciers prélevés aux fins scolaires
2018-19,435,Revenue by Source,Revenus par source,Taxation,Revenus fiscaux,Electricity Payments-In-Lieu of Taxes,Paiements tenant lieu d’impôt (électricité)
2018-19,6544,Revenue by Source,Revenus par source,Taxation,Revenus fiscaux,Employer Health Tax,Impôt-santé des employeurs
2018-19,774,Revenue by Source,Revenus par source,Taxation,Revenus fiscaux,Fuel Tax,Taxe sur les carburants
2018-19,2709,Revenue by Source,Revenus par source,Taxation,Revenus fiscaux,Gasoline Tax,Taxe sur l’essence
2018-19,2761,Revenue by Source,Revenus par source,Taxation,Revenus fiscaux,Land Transfer and Non-Residential Speculation Tax,Droits de cession immobilière et impôt sur la spéculation pour les non-résidents
2018-19,3819,Revenue by Source,Revenus par source,Taxation,Revenus fiscaux,Ontario Health Premium,Contribution-santé de l’Ontario
2018-19,653,Revenue by Source,Revenus par source,Taxation,Revenus fiscaux,Other Taxes,Autres impôts et taxes
2018-19,35381,Revenue by Source,Revenus par source,Taxation,Revenus fiscaux,Personal Income Tax,Impôt sur le revenu des particuliers
2018-19,27808,Revenue by Source,Revenus par source,Taxation,Revenus fiscaux,Sales Tax,Taxe de vente
2018-19,1241,Revenue by Source,Revenus par source,Taxation,Revenus fiscaux,Tobacco Tax,Taxe sur le tabac
2018-19,85,Revenue by Source,Revenus par source,Transfers from Government of Canada,Transferts du gouvernement du Canada,Bilingalism Development,Expansion du bilinguisme
2018-19,14852,Revenue by Source,Revenus par source,Transfers from Government of Canada,Transferts du gouvernement du Canada,Canada Health Transfer,Transfert canadien en matière de santé
2018-19,5451,Revenue by Source,Revenus par source,Transfers from Government of Canada,Transferts du gouvernement du Canada,Canada Social Transfer,Transfert canadien en matière de programmes sociaux
2018-19,390,Revenue by Source,Revenus par source,Transfers from Government of Canada,Transferts du gouvernement du Canada,"Direct Transfers to Hospitals, School Boards and Colleges","Transferts directs aux hôpitaux, aux conseils scolaires et aux collèges"
2018-19,963,Revenue by Source,Revenus par source,Transfers from Government of Canada,Transferts du gouvernement du Canada,Equalization Payments,Paiements de péréquation
2018-19,281,Revenue by Source,Revenus par source,Transfers from Government of Canada,Transferts du gouvernement du Canada,Indian Welfare Services Agreement,Services de bien-être aux Autochtones
2018-19,605,Revenue by Source,Revenus par source,Transfers from Government of Canada,Transferts du gouvernement du Canada,Infrastructure Programs,Programmes d’infrastructure
2018-19,719,Revenue by Source,Revenus par source,Transfers from Government of Canada,Transferts du gouvernement du Canada,Labour Market Development Agreement,Entente sur le développement du marché du travail
2018-19,64,Revenue by Source,Revenus par source,Transfers from Government of Canada,Transferts du gouvernement du Canada,Legal Aid Criminal,"Aide juridique, droit criminel"
2018-19,448,Revenue by Source,Revenus par source,Transfers from Government of Canada,Transferts du gouvernement du Canada,Other,Autres
2018-19,394,Revenue by Source,Revenus par source,Transfers from Government of Canada,Transferts du gouvernement du Canada,Social Housing,Logement social
2018-19,296,Revenue by Source,Revenus par source,Transfers from Government of Canada,Transferts du gouvernement du Canada,Workforce Development Agreement,Accord de développement de la main-d’oeuvre
2018-19,53,Revenue by Source,Revenus par source,Transfers from Government of Canada,Transferts du gouvernement du Canada,Youth Criminal Justice,Système de justice pénale pour les adolescents
2018-19,160,Revenue by Source,Revenus par source,Transfers from Government of Canada,Transferts du gouvernement du Canada,Early Learning and Childcare,Apprentissage et garde des jeunes enfants
2018-19,329,Revenue by Source,Revenus par source,Transfers from Government of Canada,Transferts du gouvernement du Canada,Home Care and Mental Health,Soins à domicile et santé mentale
2018-19,19,Revenue by Source,Revenus par source,Taxation,Revenus fiscaux,Ontario Portion of Federal Cannabis Excise Duty,Composante de l’Ontario des droits d’accise fédéraux perçus sur le cannabis
2019-20,9281,Revenue by Source,Revenus par source,"Fees, Donations and Other Revenues from Hospitals, School Boards and Colleges","Droits, dons et autres revenus provenant des hôpitaux, des conseils scolaires et des collèges","Fees, Donations and Other Revenues from Hospitals, School Boards and Colleges","Droits, dons et autres revenus provenant des hôpitaux, des conseils scolaires et des collèges"
2019-20,5896,Revenue by Source,Revenus par source,Income from Investment in Government Business Enterprises,Revenus de participations dans des entreprises publiques,Income From Investment in Government Business Enterprises,Revenus de participations dans des entreprises publiques
2019-20,0,Revenue by Source,Revenus par source,Other,Autres,Electricity Debt Retirement Charge,Redevance de liquidation de la dette (électricité)
2019-20,225,Revenue by Source,Revenus par source,Other,Autres,Independent Electricity System Operation Revenue,indépendante d’exploitation du réseau d’électricité
2019-20,127,Revenue by Source,Revenus par source,Other,Autres,Local Services Realignment,Remaniement des services locaux
2019-20,2101,Revenue by Source,Revenus par source,Other,Autres,Miscellaneous,Divers
2019-20,30,Revenue by Source,Revenus par source,Other,Autres,Net Reduction of Power Purchase Contracts,Réduction nette des contrats d’achat d’électricité
2019-20,931,Revenue by Source,Revenus par source,Other,Autres,Other Fees and Licenses,Autres droits et licences
2019-20,122,Revenue by Source,Revenus par source,Other,Autres,Power Supply Contract Recoveries,Récupération du contrat d’alimentation électrique
2019-20,283,Revenue by Source,Revenus par source,Other,Autres,Royalties,Redevances
2019-20,1369,Revenue by Source,Revenus par source,Other,Autres,Sales and Rentals,Ventes et locations
2019-20,2055,Revenue by Source,Revenus par source,Other,Autres,Vehicle and Driver Registration Fees,Droits - Permis de conduire et immatriculation des véhicules
2019-20,0,Revenue by Source,Revenus par source,Other,Autres,Carbon Allowance Proceeds,Produits d’allocation de carbone
2019-20,582,Revenue by Source,Revenus par source,Taxation,Revenus fiscaux,"Beer, Wine and Spirits Tax",Taxe sur la bière et le vin
2019-20,15414,Revenue by Source,Revenus par source,Taxation,Revenus fiscaux,Corporations Tax,Impôts des sociétés
2019-20,6179,Revenue by Source,Revenus par source,Taxation,Revenus fiscaux,Education Property Tax,Impôts fonciers prélevés aux fins scolaires
2019-20,505,Revenue by Source,Revenus par source,Taxation,Revenus fiscaux,Electricity Payments-In-Lieu of Taxes,Paiements tenant lieu d’impôt (électricité)
2019-20,6731,Revenue by Source,Revenus par source,Taxation,Revenus fiscaux,Employer Health Tax,Impôt-santé des employeurs
2019-20,807,Revenue by Source,Revenus par source,Taxation,Revenus fiscaux,Fuel Tax,Taxe sur les carburants
2019-20,2783,Revenue by Source,Revenus par source,Taxation,Revenus fiscaux,Gasoline Tax,Taxe sur l’essence
2019-20,3067,Revenue by Source,Revenus par source,Taxation,Revenus fiscaux,Land Transfer and Non-Residential Speculation Tax,Droits de cession immobilière et impôt sur la spéculation pour les non-résidents
2019-20,4059,Revenue by Source,Revenus par source,Taxation,Revenus fiscaux,Ontario Health Premium,Contribution-santé de l’Ontario
2019-20,623,Revenue by Source,Revenus par source,Taxation,Revenus fiscaux,Other Taxes,Autres impôts et taxes
2019-20,37743,Revenue by Source,Revenus par source,Taxation,Revenus fiscaux,Personal Income Tax,Impôt sur le revenu des particuliers
2019-20,28619,Revenue by Source,Revenus par source,Taxation,Revenus fiscaux,Sales Tax,Taxe de vente
2019-20,1118,Revenue by Source,Revenus par source,Taxation,Revenus fiscaux,Tobacco Tax,Taxe sur le tabac
2019-20,95,Revenue by Source,Revenus par source,Transfers from Government of Canada,Transferts du gouvernement du Canada,Bilingalism Development,Expansion du bilinguisme
2019-20,15640,Revenue by Source,Revenus par source,Transfers from Government of Canada,Transferts du gouvernement du Canada,Canada Health Transfer,Transfert canadien en matière de santé
2019-20,5650,Revenue by Source,Revenus par source,Transfers from Government of Canada,Transferts du gouvernement du Canada,Canada Social Transfer,Transfert canadien en matière de programmes sociaux
2019-20,414,Revenue by Source,Revenus par source,Transfers from Government of Canada,Transferts du gouvernement du Canada,"Direct Transfers to Hospitals, School Boards and Colleges","Transferts directs aux hôpitaux, aux conseils scolaires et aux collèges"
2019-20,0,Revenue by Source,Revenus par source,Transfers from Government of Canada,Transferts du gouvernement du Canada,Equalization Payments,Paiements de péréquation
2019-20,283,Revenue by Source,Revenus par source,Transfers from Government of Canada,Transferts du gouvernement du Canada,Indian Welfare Services Agreement,Services de bien-être aux Autochtones
2019-20,400,Revenue by Source,Revenus par source,Transfers from Government of Canada,Transferts du gouvernement du Canada,Infrastructure Programs,Programmes d’infrastructure
2019-20,723,Revenue by Source,Revenus par source,Transfers from Government of Canada,Transferts du gouvernement du Canada,Labour Market Development Agreement,Entente sur le développement du marché du travail
2019-20,90,Revenue by Source,Revenus par source,Transfers from Government of Canada,Transferts du gouvernement du Canada,Legal Aid - Criminal,"Aide juridique, droit criminel"
2019-20,664,Revenue by Source,Revenus par source,Transfers from Government of Canada,Transferts du gouvernement du Canada,Other,Autres
2019-20,484,Revenue by Source,Revenus par source,Transfers from Government of Canada,Transferts du gouvernement du Canada,Social Housing,Logement social
2019-20,331,Revenue by Source,Revenus par source,Transfers from Government of Canada,Transferts du gouvernement du Canada,Workforce Development Agreement,Accord de développement de la main-d’oeuvre
2019-20,53,Revenue by Source,Revenus par source,Transfers from Government of Canada,Transferts du gouvernement du Canada,Youth Criminal Justice,Système de justice pénale pour les adolescents
2019-20,145,Revenue by Source,Revenus par source,Transfers from Government of Canada,Transferts du gouvernement du Canada,Early Learning and Childcare,Apprentissage et garde des jeunes enfants
2019-20,426,Revenue by Source,Revenus par source,Transfers from Government of Canada,Transferts du gouvernement du Canada,Home Care and Mental Health,Soins à domicile et santé mentale
2019-20,48,Revenue by Source,Revenus par source,Taxation,Revenus fiscaux,Ontario Portion of Federal Cannabis Excise Duty,Composante de l’Ontario des droits d’accise fédéraux perçus sur le cannabis
2020-21,7790,Revenue by Source,Revenus par source,"Fees, Donations and Other Revenues from Hospitals, School Boards and Colleges","Droits, dons et autres revenus provenant des hôpitaux, des conseils scolaires et des collèges","Fees, Donations and Other Revenues from Hospitals, School Boards and Colleges","Droits, dons et autres revenus provenant des hôpitaux, des conseils scolaires et des collèges"
2020-21,5009,Revenue by Source,Revenus par source,Income from Investment in Government Business Enterprises,Revenus de participations dans des entreprises publiques,Income From Investment in Government Business Enterprises,Revenus de participations dans des entreprises publiques
2020-21,223,Revenue by Source,Revenus par source,Other,Autres,Independent Electricity System Operation Revenue,indépendante d’exploitation du réseau d’électricité
2020-21,143,Revenue by Source,Revenus par source,Other,Autres,Local Services Realignment,Remaniement des services locaux
2020-21,2991,Revenue by Source,Revenus par source,Other,Autres,Miscellaneous,Divers
2020-21,28,Revenue by Source,Revenus par source,Other,Autres,Net Reduction of Power Purchase Contracts,Réduction nette des contrats d’achat d’électricité
2020-21,794,Revenue by Source,Revenus par source,Other,Autres,Other Fees and Licenses,Autres droits et licences
2020-21,116,Revenue by Source,Revenus par source,Other,Autres,Power Supply Contract Recoveries,Récupération du contrat d’alimentation électrique
2020-21,359,Revenue by Source,Revenus par source,Other,Autres,Royalties,Redevances
2020-21,680,Revenue by Source,Revenus par source,Other,Autres,Sales and Rentals,Ventes et locations
2020-21,1952,Revenue by Source,Revenus par source,Other,Autres,Vehicle and Driver Registration Fees,Droits - Permis de conduire et immatriculation des véhicules
2020-21,624,Revenue by Source,Revenus par source,Taxation,Revenus fiscaux,"Beer, Wine and Spirits Tax",Taxe sur la bière et le vin
2020-21,17775,Revenue by Source,Revenus par source,Taxation,Revenus fiscaux,Corporations Tax,Impôts des sociétés
2020-21,6040,Revenue by Source,Revenus par source,Taxation,Revenus fiscaux,Education Property Tax,Impôts fonciers prélevés aux fins scolaires
2020-21,563,Revenue by Source,Revenus par source,Taxation,Revenus fiscaux,Electricity Payments-In-Lieu of Taxes,Paiements tenant lieu d’impôt (électricité)
2020-21,6537,Revenue by Source,Revenus par source,Taxation,Revenus fiscaux,Employer Health Tax,Impôt-santé des employeurs
2020-21,686,Revenue by Source,Revenus par source,Taxation,Revenus fiscaux,Fuel Tax,Taxe sur les carburants
2020-21,1898,Revenue by Source,Revenus par source,Taxation,Revenus fiscaux,Gasoline Tax,Taxe sur l’essence
2020-21,3698,Revenue by Source,Revenus par source,Taxation,Revenus fiscaux,Land Transfer Tax,Droits de cession immobilière et impôt sur la spéculation pour les non-résidents
2020-21,4330,Revenue by Source,Revenus par source,Taxation,Revenus fiscaux,Ontario Health Premium,Contribution-santé de l’Ontario
2020-21,619,Revenue by Source,Revenus par source,Taxation,Revenus fiscaux,Other Taxes,Autres impôts et taxes
2020-21,40333,Revenue by Source,Revenus par source,Taxation,Revenus fiscaux,Personal Income Tax,Impôt sur le revenu des particuliers
2020-21,26576,Revenue by Source,Revenus par source,Taxation,Revenus fiscaux,Sales Tax,Taxe de vente
2020-21,1099,Revenue by Source,Revenus par source,Taxation,Revenus fiscaux,Tobacco Tax,Taxe sur le tabac
2020-21,106,Revenue by Source,Revenus par source,Taxation,Revenus fiscaux,Ontario Portion of the Federal Cannabis Excise Duty,Composante de l’Ontario des droits d’accise fédéraux perçus sur le cannabis
2020-21,116,Revenue by Source,Revenus par source,Transfers from Government of Canada,Transferts du gouvernement du Canada,Bilingalism Development,Expansion du bilinguisme
2020-21,16206,Revenue by Source,Revenus par source,Transfers from Government of Canada,Transferts du gouvernement du Canada,Canada Health Transfer,Transfert canadien en matière de santé
2020-21,5815,Revenue by Source,Revenus par source,Transfers from Government of Canada,Transferts du gouvernement du Canada,Canada Social Transfer,Transfert canadien en matière de programmes sociaux
2020-21,459,Revenue by Source,Revenus par source,Transfers from Government of Canada,Transferts du gouvernement du Canada,"Direct Transfers to Hospitals, School Boards and Colleges","Transferts directs aux hôpitaux, aux conseils scolaires et aux collèges"
2020-21,318,Revenue by Source,Revenus par source,Transfers from Government of Canada,Transferts du gouvernement du Canada,Indian Welfare Services Agreement,Services de bien-être aux Autochtones
2020-21,626,Revenue by Source,Revenus par source,Transfers from Government of Canada,Transferts du gouvernement du Canada,Infrastructure Programs,Programmes d’infrastructure
2020-21,741,Revenue by Source,Revenus par source,Transfers from Government of Canada,Transferts du gouvernement du Canada,Labour Market Development Agreement,Entente sur le développement du marché du travail
2020-21,86,Revenue by Source,Revenus par source,Transfers from Government of Canada,Transferts du gouvernement du Canada,Legal Aid - Criminal,"Aide juridique, droit criminel"
2020-21,958,Revenue by Source,Revenus par source,Transfers from Government of Canada,Transferts du gouvernement du Canada,Other,Autres
2020-21,338,Revenue by Source,Revenus par source,Transfers from Government of Canada,Transferts du gouvernement du Canada,Social Housing,Logement social
2020-21,582,Revenue by Source,Revenus par source,Transfers from Government of Canada,Transferts du gouvernement du Canada,Workforce Development Agreement,Accord de développement de la main-d’oeuvre
2020-21,53,Revenue by Source,Revenus par source,Transfers from Government of Canada,Transferts du gouvernement du Canada,Youth Criminal Justice,Système de justice pénale pour les adolescents
2020-21,154,Revenue by Source,Revenus par source,Transfers from Government of Canada,Transferts du gouvernement du Canada,Early Learning and Childcare,Apprentissage et garde des jeunes enfants
2020-21,485,Revenue by Source,Revenus par source,Transfers from Government of Canada,Transferts du gouvernement du Canada,Home Care and Mental Health,Soins à domicile et santé mentale
2020-21,5095,Revenue by Source,Revenus par source,Transfers from Government of Canada,Transferts du gouvernement du Canada,Safe Restart Framework,Cadre de relance sécuritaire
2020-21,1129,Revenue by Source,Revenus par source,Transfers from Government of Canada,Transferts du gouvernement du Canada,COVID-19 Essential Workers Support Fund,Fonds de soutien aux travailleurs essentiels de la COVID-19
2020-21,763,Revenue by Source,Revenus par source,Transfers from Government of Canada,Transferts du gouvernement du Canada,Safe Return to Class Fund,Fonds pour une rentrée scolaire sécuritaire
2021-22,46750,Revenue by Source,Revenus par source,Taxation,Revenus fiscaux,Personal Income Tax,Impôt sur le revenu des particuliers
2021-22,30357,Revenue by Source,Revenus par source,Taxation,Revenus fiscaux,Sales Tax,Taxe de vente
2021-22,25227,Revenue by Source,Revenus par source,Taxation,Revenus fiscaux,Corporations Tax,Impôts des sociétés
2021-22,7223,Revenue by Source,Revenus par source,Taxation,Revenus fiscaux,Employer Health Tax,Impôt-santé des employeurs
2021-22,5827,Revenue by Source,Revenus par source,Taxation,Revenus fiscaux,Land Transfer Tax,Droits de cession immobilière Taxe sur
2021-22,5713,Revenue by Source,Revenus par source,Taxation,Revenus fiscaux,Education Property Tax,Impôts fonciers prélevés aux fins scolaires
2021-22,4414,Revenue by Source,Revenus par source,Taxation,Revenus fiscaux,Ontario Health Premium,Contribution-santé de l’Ontario
2021-22,2202,Revenue by Source,Revenus par source,Taxation,Revenus fiscaux,Gasoline Tax,Taxe sur l’essence
2021-22,927,Revenue by Source,Revenus par source,Taxation,Revenus fiscaux,Tobacco Tax,Taxe sur le tabac
2021-22,771,Revenue by Source,Revenus par source,Taxation,Revenus fiscaux,Fuel Tax,Taxe sur les carburants
2021-22,624,Revenue by Source,Revenus par source,Taxation,Revenus fiscaux,"Beer, Wine and Spirits Tax",Taxe sur la bière et le vin
2021-22,666,Revenue by Source,Revenus par source,Taxation,Revenus fiscaux,Electricity Payments-In-Lieu of Taxes,Paiements tenant lieu d’impôt (électricité)
2021-22,215,Revenue by Source,Revenus par source,Taxation,Revenus fiscaux,Ontario Portion of the Federal Cannabis Excise Duty,Composante de l’Ontario des droits d’accise fédéraux perçus sur le cannabis
2021-22,759,Revenue by Source,Revenus par source,Taxation,Revenus fiscaux,Other Taxes,Autres impôts et taxes
2021-22,16731,Revenue by Source,Revenus par source,Transfers from Government of Canada,Transferts du gouvernement du Canada,Canada Health Transfer,Transfert canadien en matière de santé
2021-22,6003,Revenue by Source,Revenus par source,Transfers from Government of Canada,Transferts du gouvernement du Canada,Canada Social Transfer,Transfert canadien en matière de programmes sociaux
2021-22,768,Revenue by Source,Revenus par source,Transfers from Government of Canada,Transferts du gouvernement du Canada,Labour Market Development Agreement,Entente sur le développement du marché du travail
2021-22,708,Revenue by Source,Revenus par source,Transfers from Government of Canada,Transferts du gouvernement du Canada,Workforce Development Agreement,Accord de développement de la main-d’oeuvre
2021-22,581,Revenue by Source,Revenus par source,Transfers from Government of Canada,Transferts du gouvernement du Canada,Home Care and Mental Health,Soins à domicile et santé mentale
2021-22,562,Revenue by Source,Revenus par source,Transfers from Government of Canada,Transferts du gouvernement du Canada,Infrastructure Programs,Programmes d’infrastructure
2021-22,439,Revenue by Source,Revenus par source,Transfers from Government of Canada,Transferts du gouvernement du Canada,"Direct Transfers to Hospitals, School Boards and Colleges","Transferts directs aux hôpitaux, aux conseils scolaires et aux collèges"
2021-22,333,Revenue by Source,Revenus par source,Transfers from Government of Canada,Transferts du gouvernement du Canada,Indian Welfare Services Agreement,Services de bien-être aux Autochtones
2021-22,305,Revenue by Source,Revenus par source,Transfers from Government of Canada,Transferts du gouvernement du Canada,Social Housing,Logement social
2021-22,219,Revenue by Source,Revenus par source,Transfers from Government of Canada,Transferts du gouvernement du Canada,Early Learning and Childcare,Apprentissage et garde des jeunes enfants
2021-22,121,Revenue by Source,Revenus par source,Transfers from Government of Canada,Transferts du gouvernement du Canada,Bilingualism Development,Expansion du bilinguisme
2021-22,93,Revenue by Source,Revenus par source,Transfers from Government of Canada,Transferts du gouvernement du Canada,Legal Aid – Criminal,"Aide juridique, droit criminel"
2021-22,67,Revenue by Source,Revenus par source,Transfers from Government of Canada,Transferts du gouvernement du Canada,Youth Criminal Justice,Système de justice pénale pour les adolescents
2021-22,3677,Revenue by Source,Revenus par source,Transfers from Government of Canada,Transferts du gouvernement du Canada,Other,Autres
2021-22,"9,688",Revenue by Source,Revenus par source,"Fees, Donations and Other Revenues from Hospitals, School Boards and Colleges","Droits, dons et autres revenus provenant des hôpitaux, des conseils scolaires et des collèges","Fees, Donations and Other Revenues from Hospitals, School Boards and Colleges","Droits, dons et autres revenus provenant des hôpitaux, des conseils scolaires et des collèges"
2021-22,"6,441",Revenue by Source,Revenus par source,Income from Investment in Government Business Enterprises,Revenus de participations dans des entreprises publiques,Income From Investment in Government Business Enterprises,Revenus de participations dans des entreprises publiques
2021-22,1046,Revenue by Source,Revenus par source,Other,Autres,Sales and Rentals ,Ventes et locations
2021-22,952,Revenue by Source,Revenus par source,Other,Autres,Other Fees and Licences,Autres droits et licences
2021-22,468,Revenue by Source,Revenus par source,Other,Autres,Royalties,Redevances
2021-22,222,Revenue by Source,Revenus par source,Other,Autres,Independent Electricity System Operator Revenue,indépendante d’exploitation du réseau d’électricité
2021-22,149,Revenue by Source,Revenus par source,Other,Autres,Local Services Realignment,Remaniement des services locaux
2021-22,67,Revenue by Source,Revenus par source,Other,Autres,Power Supply Contract Recoveries,Récupération du contrat d’alimentation électrique
2021-22,33,Revenue by Source,Revenus par source,Other,Autres,Vehicle and Driver Registration Fees,Droits - Permis de conduire et immatriculation des véhicules
2021-22,5,Revenue by Source,Revenus par source,Other,Autres,Net Reduction of Power Purchase Contracts,Réduction nette des contrats d’achat d’électricité
2021-22,3709,Revenue by Source,Revenus par source,Other,Autres,Miscellaneous,Divers
2022-23,"44,209",Revenue by Source,Revenus par source,Taxation,Revenus fiscaux,Personal Income Tax,Impôt sur le revenu des particuliers
2022-23,"36,092",Revenue by Source,Revenus par source,Taxation,Revenus fiscaux,Sales Tax,Taxe de vente
2022-23,"27,791",Revenue by Source,Revenus par source,Taxation,Revenus fiscaux,Corporations Tax,Impôts des sociétés
2022-23,"7,797",Revenue by Source,Revenus par source,Taxation,Revenus fiscaux,Employer Health Tax,Impôt-santé des employeurs
2022-23,"4,444",Revenue by Source,Revenus par source,Taxation,Revenus fiscaux,Land Transfer Tax,Droits de cession immobilière Taxe sur
2022-23,"5,991",Revenue by Source,Revenus par source,Taxation,Revenus fiscaux,Education Property Tax,Impôts fonciers prélevés aux fins scolaires
2022-23,"4,445",Revenue by Source,Revenus par source,Taxation,Revenus fiscaux,Ontario Health Premium,Contribution-santé de l’Ontario
2022-23,"2,103",Revenue by Source,Revenus par source,Taxation,Revenus fiscaux,Gasoline Tax,Taxe sur l’essence
2022-23,864,Revenue by Source,Revenus par source,Taxation,Revenus fiscaux,Tobacco Tax,Taxe sur le tabac
2022-23,571,Revenue by Source,Revenus par source,Taxation,Revenus fiscaux,Fuel Tax,Taxe sur les carburants
2022-23,600,Revenue by Source,Revenus par source,Taxation,Revenus fiscaux,"Beer, Wine and Spirits Tax",Taxe sur la bière et le vin
2022-23,674,Revenue by Source,Revenus par source,Taxation,Revenus fiscaux,Electricity Payments-In-Lieu of Taxes,Paiements tenant lieu d’impôt (électricité)
2022-23,310,Revenue by Source,Revenus par source,Taxation,Revenus fiscaux,Ontario Portion of the Federal Cannabis Excise Duty,Composante de l’Ontario des droits d’accise fédéraux perçus sur le cannabis
2022-23,627,Revenue by Source,Revenus par source,Taxation,Revenus fiscaux,Other Taxes,Autres impôts et taxes
2022-23,"17,525",Revenue by Source,Revenus par source,Transfers from Government of Canada,Transferts du gouvernement du Canada,Canada Health Transfer,Transfert canadien en matière de santé
2022-23,"6,178",Revenue by Source,Revenus par source,Transfers from Government of Canada,Transferts du gouvernement du Canada,Canada Social Transfer,Transfert canadien en matière de programmes sociaux
2022-23,"1,272",Revenue by Source,Revenus par source,Transfers from Government of Canada,Transferts du gouvernement du Canada,Canada-Wide Early Learning and Childcare,Apprentissage et garde des jeunes enfants à l’échelle du Canada
2022-23,790,Revenue by Source,Revenus par source,Transfers from Government of Canada,Transferts du gouvernement du Canada,Labour Market Development Agreement,Entente sur le développement du marché du travail
2022-23,391,Revenue by Source,Revenus par source,Transfers from Government of Canada,Transferts du gouvernement du Canada,Workforce Development Agreement,Accord de développement de la main-d’oeuvre
2022-23,466,Revenue by Source,Revenus par source,Transfers from Government of Canada,Transferts du gouvernement du Canada,Home Care and Mental Health,Soins à domicile et santé mentale
2022-23,769,Revenue by Source,Revenus par source,Transfers from Government of Canada,Transferts du gouvernement du Canada,Infrastructure Programs,Programmes d’infrastructure
2022-23,531,Revenue by Source,Revenus par source,Transfers from Government of Canada,Transferts du gouvernement du Canada,"Direct Transfers to Hospitals, School Boards and Colleges","Transferts directs aux hôpitaux, aux conseils scolaires et aux collèges"
2022-23,342,Revenue by Source,Revenus par source,Transfers from Government of Canada,Transferts du gouvernement du Canada,Indian Welfare Services Agreement,Services de bien-être aux Autochtones
2022-23,263,Revenue by Source,Revenus par source,Transfers from Government of Canada,Transferts du gouvernement du Canada,Social Housing,Logement social
2022-23,270,Revenue by Source,Revenus par source,Transfers from Government of Canada,Transferts du gouvernement du Canada,Early Learning and Childcare,Apprentissage et garde des jeunes enfants
2022-23,163,Revenue by Source,Revenus par source,Transfers from Government of Canada,Transferts du gouvernement du Canada,Bilingualism Development,Expansion du bilinguisme
2022-23,61,Revenue by Source,Revenus par source,Transfers from Government of Canada,Transferts du gouvernement du Canada,Legal Aid – Criminal,"Aide juridique, droit criminel"
2022-23,67,Revenue by Source,Revenus par source,Transfers from Government of Canada,Transferts du gouvernement du Canada,Youth Criminal Justice,Système de justice pénale pour les adolescents
2022-23,"2,176",Revenue by Source,Revenus par source,Transfers from Government of Canada,Transferts du gouvernement du Canada,Other,Autres
2022-23,"11,492",Revenue by Source,Revenus par source,"Fees, Donations and Other Revenues from Broader Public Sector Organizations ","Droits, dons et autres revenus provenant d’organismes du secteur parapublic","Fees, Donations and Other Revenues from Broader Public Sector Organizations ","Droits, dons et autres revenus provenant d’organismes du secteur parapublic"
2022-23,"6,133",Revenue by Source,Revenus par source,Income from Investment in Government Business Enterprises,Revenus de participations dans des entreprises publiques,Income From Investment in Government Business Enterprises,Revenus de participations dans des entreprises publiques
2022-23,"1,227",Revenue by Source,Revenus par source,Other,Autres,Sales and Rentals ,Ventes et locations
2022-23,"1,224",Revenue by Source,Revenus par source,Other,Autres,Other Fees and Licences,Autres droits et licences
2022-23,335,Revenue by Source,Revenus par source,Other,Autres,Royalties,Redevances
2022-23,214,Revenue by Source,Revenus par source,Other,Autres,Independent Electricity System Operator Revenue,indépendante d’exploitation du réseau d’électricité
2022-23,146,Revenue by Source,Revenus par source,Other,Autres,Local Services Realignment,Remaniement des services locaux
2022-23,48,Revenue by Source,Revenus par source,Other,Autres,Power Supply Contract Recoveries,Récupération du contrat d’alimentation électrique
2022-23,"1,251",Revenue by Source,Revenus par source,Other,Autres,Vehicle and Driver Registration Fees,Droits - Permis de conduire et immatriculation des véhicules
2022-23,"3,035",Revenue by Source,Revenus par source,Other,Autres,Miscellaneous,Divers
2023-24,"50,773",Revenue by Source,Revenus par source,Taxation,Revenus fiscaux,Personal Income Tax,Impôt sur le revenu des particuliers
2023-24,"39,864",Revenue by Source,Revenus par source,Taxation,Revenus fiscaux,Sales Tax,Taxe de vente
2023-24,"23,140",Revenue by Source,Revenus par source,Taxation,Revenus fiscaux,Corporations Tax,Impôts des sociétés
2023-24,"8,581",Revenue by Source,Revenus par source,Taxation,Revenus fiscaux,Employer Health Tax,Impôt-santé des employeurs
2023-24,"3,538",Revenue by Source,Revenus par source,Taxation,Revenus fiscaux,Land Transfer Tax,Droits de cession immobilière Taxe sur
2023-24,"5,810",Revenue by Source,Revenus par source,Taxation,Revenus fiscaux,Education Property Tax,Impôts fonciers prélevés aux fins scolaires
2023-24,"5,008",Revenue by Source,Revenus par source,Taxation,Revenus fiscaux,Ontario Health Premium,Contribution-santé de l’Ontario
2023-24,"1,620",Revenue by Source,Revenus par source,Taxation,Revenus fiscaux,Gasoline Tax,Taxe sur l’essence
2023-24,813,Revenue by Source,Revenus par source,Taxation,Revenus fiscaux,Tobacco Tax,Taxe sur le tabac
2023-24,517,Revenue by Source,Revenus par source,Taxation,Revenus fiscaux,Fuel Tax,Taxe sur les carburants
2023-24,593,Revenue by Source,Revenus par source,Taxation,Revenus fiscaux,"Beer, Wine and Spirits Tax",Taxe sur la bière et le vin
2023-24,529,Revenue by Source,Revenus par source,Taxation,Revenus fiscaux,Electricity Payments-In-Lieu of Taxes,Paiements tenant lieu d’impôt (électricité)
2023-24,346,Revenue by Source,Revenus par source,Taxation,Revenus fiscaux,Ontario Portion of the Federal Cannabis Excise Duty,Composante de l’Ontario des droits d’accise fédéraux perçus sur le cannabis
2023-24,728,Revenue by Source,Revenus par source,Taxation,Revenus fiscaux,Other Taxes,Autres impôts et taxes
2023-24,"19,286",Revenue by Source,Revenus par source,Transfers from Government of Canada,Transferts du gouvernement du Canada,Canada Health Transfer,Transfert canadien en matière de santé
2023-24,"6,407",Revenue by Source,Revenus par source,Transfers from Government of Canada,Transferts du gouvernement du Canada,Canada Social Transfer,Transfert canadien en matière de programmes sociaux
2023-24,"2,031",Revenue by Source,Revenus par source,Transfers from Government of Canada,Transferts du gouvernement du Canada,Canada-Wide Early Learning and Childcare,Apprentissage et garde des jeunes enfants à l’échelle du Canada
2023-24,935,Revenue by Source,Revenus par source,Transfers from Government of Canada,Transferts du gouvernement du Canada,Shared Health Priorities,Priorités partagées en santé
2023-24,792,Revenue by Source,Revenus par source,Transfers from Government of Canada,Transferts du gouvernement du Canada,Labour Market Development Agreement,Entente sur le développement du marché du travail
2023-24,357,Revenue by Source,Revenus par source,Transfers from Government of Canada,Transferts du gouvernement du Canada,Workforce Development Agreement,Accord de développement de la main-d’oeuvre
2023-24, -   ,Revenue by Source,Revenus par source,Transfers from Government of Canada,Transferts du gouvernement du Canada,Home Care and Mental Health,Soins à domicile et santé mentale
2023-24,609,Revenue by Source,Revenus par source,Transfers from Government of Canada,Transferts du gouvernement du Canada,Infrastructure Programs,Programmes d’infrastructure
2023-24,462,Revenue by Source,Revenus par source,Transfers from Government of Canada,Transferts du gouvernement du Canada,Aging with Dignity,Vieillir dans la dignité
2023-24,421,Revenue by Source,Revenus par source,Transfers from Government of Canada,Transferts du gouvernement du Canada,Equalization Payments,Paiements de péréquation fiscale
2023-24,625,Revenue by Source,Revenus par source,Transfers from Government of Canada,Transferts du gouvernement du Canada,"Direct Transfers to Hospitals, School Boards and Colleges","Transferts directs aux hôpitaux, aux conseils scolaires et aux collèges"
2023-24,332,Revenue by Source,Revenus par source,Transfers from Government of Canada,Transferts du gouvernement du Canada,Indian Welfare Services Agreement,Services de bien-être aux Autochtones
2023-24,218,Revenue by Source,Revenus par source,Transfers from Government of Canada,Transferts du gouvernement du Canada,Social Housing,Logement social
2023-24,208,Revenue by Source,Revenus par source,Transfers from Government of Canada,Transferts du gouvernement du Canada,Early Learning and Childcare,Apprentissage et garde des jeunes enfants
2023-24,187,Revenue by Source,Revenus par source,Transfers from Government of Canada,Transferts du gouvernement du Canada,Bilingualism Development,Expansion du bilinguisme
2023-24,71,Revenue by Source,Revenus par source,Transfers from Government of Canada,Transferts du gouvernement du Canada,Legal Aid – Criminal,"Aide juridique, droit criminel"
2023-24,67,Revenue by Source,Revenus par source,Transfers from Government of Canada,Transferts du gouvernement du Canada,Youth Criminal Justice,Système de justice pénale pour les adolescents
2023-24,"1,328",Revenue by Source,Revenus par source,Transfers from Government of Canada,Transferts du gouvernement du Canada,Other,Autres
2023-24,"13,071",Revenue by Source,Revenus par source,"Fees, Donations and Other Revenues from Broader Public Sector Organizations ","Droits, dons et autres revenus provenant d’organismes du secteur parapublic","Fees, Donations and Other Revenues from Broader Public Sector Organizations ","Droits, dons et autres revenus provenant d’organismes du secteur parapublic"
2023-24,"7,427",Revenue by Source,Revenus par source,Income from Investment in Government Business Enterprises,Revenus de participations dans des entreprises publiques,Income From Investment in Government Business Enterprises,Revenus de participations dans des entreprises publiques
2023-24,"1,566",Revenue by Source,Revenus par source,Other,Autres,Sales and Rentals ,Ventes et locations
2023-24,"1,370",Revenue by Source,Revenus par source,Other,Autres,Other Fees and Licences,Autres droits et licences
2023-24,319,Revenue by Source,Revenus par source,Other,Autres,Royalties,Redevances
2023-24,248,Revenue by Source,Revenus par source,Other,Autres,Independent Electricity System Operator Revenue,indépendante d’exploitation du réseau d’électricité
2023-24,138,Revenue by Source,Revenus par source,Other,Autres,Local Services Realignment,Remaniement des services locaux
2023-24,41,Revenue by Source,Revenus par source,Other,Autres,Power Supply Contract Recoveries,Récupération du contrat d’alimentation électrique
2023-24,"1,222",Revenue by Source,Revenus par source,Other,Autres,Vehicle and Driver Registration Fees,Droits - Permis de conduire et immatriculation des véhicules
2023-24,"4,338",Revenue by Source,Revenus par source,Other,Autres,Miscellaneous,Divers